{"00": 0.47619047619047616, "01": 0.9090909090909091}