{
    "threshold": 3.280821917808219,
    "wp_dict": {
        "LotArea": -0.3255338966846466,
        "OverallQual": -0.008102483116090298,
        "OverallCond": -0.10122361779212952,
        "TotalBsmtSF": -0.33342495560646057,
        "FullBath": 0.4721577763557434,
        "HalfBath": 0.5355799794197083,
        "BedroomAbvGr": -0.2568146288394928,
        "TotRmsAbvGrd": 0.501565158367157,
        "Fireplaces": 0.3338729441165924,
        "GarageArea": 0.001370491343550384
    }
}