{
    "threshold": 0.8431372549019608,
    "wp_dict": {
        "Pregnancies": -0.02904406376183033,
        "Glucose": 0.022680452093482018,
        "BloodPressure": -0.020463792607188225,
        "SkinThickness": 0.02583044022321701,
        "Insulin": 0.05836072936654091,
        "BMI": -0.02095705270767212,
        "DiabetesPedigreeFunction": 0.026828037574887276,
        "Age": -0.02053660713136196
    }
}