{
    "threshold": 8.263705103969754,
    "wp_dict": {
        "age": -0.3877949118614197,
        "education": -0.1696467399597168,
        "balance": 0.18224193155765533,
        "day": -0.07774489372968674,
        "month": 0.03660877048969269,
        "duration": -0.14736029505729675,
        "campaign": 0.003289683721959591,
        "pdays": -0.04816466569900513,
        "previous": 0.0317816287279129,
        "poutcome": -0.06087721139192581,
        "job_blue": -0.028919856995344162,
        "job_entrepreneur": 0.008958065882325172,
        "job_housemaid": -0.05370008200407028,
        "job_management": -0.050808437168598175,
        "job_retired": 0.07634492218494415,
        "job_self": -0.011654832400381565,
        "job_services": -0.13233822584152222,
        "job_student": 0.003571287030354142,
        "job_technician": -0.042773954570293427,
        "job_unemployed": 0.0058912248350679874,
        "job_unknown": 0.03791087120771408,
        "marital_married": -0.12919814884662628,
        "marital_single": -0.1925104260444641,
        "default_yes": -0.046274714171886444,
        "housing_yes": -0.06229033321142197,
        "loan_yes": 0.046140752732753754,
        "contact_telephone": 0.02115483395755291,
        "contact_unknown": -0.02063744142651558
    }
}