{
    "threshold": 7.182419659735349,
    "wp_dict": {
        "age": -0.6057857275009155,
        "education": -0.018929272890090942,
        "balance": -0.592321515083313,
        "day": -0.06466639041900635,
        "month": 0.19955188035964966,
        "duration": 0.39138203859329224,
        "campaign": -0.05399848148226738,
        "pdays": -0.13845109939575195,
        "previous": 0.07860571146011353,
        "poutcome": -0.019006773829460144,
        "job_blue": -0.008672580122947693,
        "job_entrepreneur": -0.023085590451955795,
        "job_housemaid": 0.09983406960964203,
        "job_management": -0.06688868254423141,
        "job_retired": 0.07003909349441528,
        "job_self": -0.030498765408992767,
        "job_services": -0.0034617260098457336,
        "job_student": 0.08595125377178192,
        "job_technician": 0.09499520808458328,
        "job_unemployed": 0.046544399112463,
        "job_unknown": -0.07331016659736633,
        "marital_married": -0.20497146248817444,
        "marital_single": -0.3917938470840454,
        "default_yes": -0.07773612439632416,
        "housing_yes": -0.06610973924398422,
        "loan_yes": -0.05569104850292206,
        "contact_telephone": 0.02583564817905426,
        "contact_unknown": -0.021716982126235962
    }
}