{"00": 0.7833333333333333, "01": 0.07692307692307693}