{"00": 0.8436944937833037, "01": 0.9772727272727273}