{"00": 0.8420074349442379, "01": 0.9764705882352941}