{"00": 0.868421052631579, "01": 0.9428571428571428}