{"00": 0.16587677725118483, "01": 0.9772727272727273}