{"60": 0.0, "61": 0.0, "62": 0.13580246913580246, "63": 0.06172839506172839, "64": 0.08641975308641975, "65": 0.024691358024691357, "66": 0.9074285714285715, "67": 0.0, "68": 0.0, "69": 0.012345679012345678}