{"40": 0.11307420494699646, "41": 0.0035335689045936395, "42": 0.07773851590106007, "43": 0.12367491166077739, "44": 0.2350230414746544, "45": 0.08127208480565372, "46": 0.0706713780918728, "47": 0.10600706713780919, "48": 0.007067137809187279, "49": 0.02120141342756184}