{"90": 0.19402985074626866, "91": 0.47761194029850745, "93": 0.04477611940298507, "94": 0.014925373134328358, "95": 0.0, "96": 0.014925373134328358, "97": 0.029850746268656716, "98": 0.04477611940298507, "99": 0.2682926829268293}