{"60": 0.047244094488188976, "61": 0.047244094488188976, "62": 0.12598425196850394, "63": 0.25196850393700787, "64": 0.031496062992125984, "65": 0.047244094488188976, "66": 0.3015075376884422, "67": 0.023622047244094488, "68": 0.015748031496062992, "69": 0.023622047244094488}