{"40": 0.0, "42": 0.061224489795918366, "43": 0.09183673469387756, "44": 0.8776529338327091, "45": 0.061224489795918366, "46": 0.030612244897959183, "47": 0.061224489795918366}