{"90": 0.07272727272727272, "91": 0.2909090909090909, "93": 0.03636363636363636, "97": 0.03636363636363636, "98": 0.09090909090909091, "99": 0.9399563318777293}