{"00": 0.9120370370370371, "01": 0.9210526315789473}