{"00": 0.8640776699029126, "01": 0.8857142857142857}