{
    "threshold": 5.655009451795841,
    "wp_dict": {
        "age": 3.549104928970337,
        "education": -0.14451079070568085,
        "balance": -0.3956773281097412,
        "day": -0.6310434937477112,
        "month": 0.04228060692548752,
        "duration": -0.27359452843666077,
        "campaign": -0.1334693878889084,
        "pdays": 1.153886318206787,
        "previous": -0.14407135546207428,
        "poutcome": 0.029626404866576195,
        "job_blue": 0.3925415575504303,
        "job_entrepreneur": 0.25094667077064514,
        "job_housemaid": -0.26607760787010193,
        "job_management": -0.5085904002189636,
        "job_retired": -0.16782540082931519,
        "job_self": -0.6384544372558594,
        "job_services": -0.1400330662727356,
        "job_student": -0.14113378524780273,
        "job_technician": -0.12940052151679993,
        "job_unemployed": -0.17752213776111603,
        "job_unknown": -0.1265687793493271,
        "marital_married": -0.3153647482395172,
        "marital_single": -0.0030676552560180426,
        "default_yes": 0.06478922069072723,
        "housing_yes": 0.06490269303321838,
        "loan_yes": -0.20460298657417297,
        "contact_telephone": -0.3159198462963104,
        "contact_unknown": 0.09643110632896423
    }
}