{"00": 0.8288770053475936, "01": 0.96875}