{
    "threshold": 0.8051948051948052,
    "wp_dict": {
        "Pregnancies": 0.27952879667282104,
        "Glucose": 0.3230763077735901,
        "BloodPressure": -0.349474161863327,
        "SkinThickness": -0.6688762903213501,
        "Insulin": -0.654118537902832,
        "BMI": -0.42528054118156433,
        "DiabetesPedigreeFunction": 0.5849704742431641,
        "Age": -0.36445143818855286
    }
}