{"00": 0.8703339882121808, "01": 0.9848484848484849}