{
    "threshold": 1.2549019607843137,
    "wp_dict": {
        "Pregnancies": 1.4177922010421753,
        "Glucose": 0.1958002895116806,
        "BloodPressure": -2.0744388103485107,
        "SkinThickness": -1.4745101928710938,
        "Insulin": -0.8063560128211975,
        "BMI": 2.0456554889678955,
        "DiabetesPedigreeFunction": 1.1407077312469482,
        "Age": -1.2949705123901367
    }
}