{
    "threshold": 6.613421550094518,
    "wp_dict": {
        "age": 0.28012996912002563,
        "education": 0.047438643872737885,
        "balance": 0.05786677822470665,
        "day": 0.01404524128884077,
        "month": -0.03241007402539253,
        "duration": 0.20377151668071747,
        "campaign": -0.06603781878948212,
        "pdays": -0.02304692007601261,
        "previous": -0.5398144721984863,
        "poutcome": -0.09947685897350311,
        "job_blue": 0.19493402540683746,
        "job_entrepreneur": -0.08714107424020767,
        "job_housemaid": 0.27057284116744995,
        "job_management": -0.2454957515001297,
        "job_retired": -0.47952184081077576,
        "job_self": -0.11498329043388367,
        "job_services": -0.4009135663509369,
        "job_student": -0.2560548782348633,
        "job_technician": -0.2687523365020752,
        "job_unemployed": 0.10924308001995087,
        "job_unknown": 0.2700866460800171,
        "marital_married": -0.20095683634281158,
        "marital_single": -0.1632886379957199,
        "default_yes": 0.2832948863506317,
        "housing_yes": -0.5707381367683411,
        "loan_yes": -0.21394206583499908,
        "contact_telephone": 0.28661176562309265,
        "contact_unknown": -0.4823698103427887
    }
}