{"00": 0.8051948051948052, "01": 0.13333333333333333}