{"50": 0.021505376344086023, "51": 0.016129032258064516, "52": 0.016129032258064516, "53": 0.05913978494623656, "54": 0.0, "55": 0.7870894677236693, "56": 0.0, "57": 0.0, "58": 0.0, "59": 0.0}