{"10": 0.14516129032258066, "11": 0.9340425531914893, "12": 0.0, "15": 0.0, "16": 0.0, "17": 0.0, "18": 0.0, "19": 0.0}