{"10": 0.5, "11": 0.6129032258064516, "13": 0.0, "15": 0.0, "18": 0.08333333333333333, "19": 0.08333333333333333}