{"80": 0.6086956521739131, "81": 0.0, "83": 0.0, "84": 0.0, "85": 0.0, "87": 0.0, "88": 0.9487750556792873, "89": 0.0}