{"70": 0.08108108108108109, "71": 0.0, "72": 0.0, "73": 0.0, "74": 0.0, "75": 0.0, "77": 0.9103030303030303, "78": 0.0, "79": 0.0}