{"90": 0.2537313432835821, "91": 0.4626865671641791, "93": 0.0, "94": 0.0, "95": 0.0, "96": 0.0, "97": 0.0, "98": 0.014925373134328358, "99": 0.36507936507936506}