{"60": 0.07692307692307693, "61": 0.038461538461538464, "62": 0.1346153846153846, "63": 0.25961538461538464, "64": 0.0, "65": 0.038461538461538464, "66": 0.23225806451612904, "67": 0.009615384615384616, "68": 0.019230769230769232, "69": 0.0}