{"70": 0.11428571428571428, "71": 0.014285714285714285, "72": 0.0, "73": 0.12857142857142856, "74": 0.0, "75": 0.2571428571428571, "76": 0.0, "77": 0.3178294573643411, "78": 0.0, "79": 0.07142857142857142}