{"20": 0.19130434782608696, "21": 0.0, "22": 0.8472775564409031, "23": 0.0, "24": 0.0, "25": 0.0, "26": 0.0, "27": 0.0, "28": 0.0}