{"40": 0.046875, "41": 0.0, "42": 0.0, "43": 0.0, "44": 0.855039637599094, "45": 0.015625, "46": 0.0234375, "47": 0.0}