{"60": 0.028846153846153848, "61": 0.0, "62": 0.019230769230769232, "63": 0.0, "64": 0.0, "65": 0.0, "66": 0.8868335146898803, "67": 0.0, "68": 0.0, "69": 0.0}