{"30": 0.043478260869565216, "31": 0.0, "32": 0.0, "33": 0.6972972972972973, "34": 0.0, "35": 0.13405797101449277, "36": 0.0036231884057971015, "37": 0.007246376811594203, "38": 0.007246376811594203, "39": 0.010869565217391304}