{"40": 0.1383399209486166, "41": 0.0, "42": 0.07114624505928854, "43": 0.1225296442687747, "44": 0.17613636363636365, "45": 0.08695652173913043, "46": 0.039525691699604744, "47": 0.08300395256916997, "48": 0.003952569169960474, "49": 0.0}