{"80": 0.5517241379310345, "81": 0.14942528735632185, "82": 0.0, "83": 0.011494252873563218, "84": 0.0, "85": 0.0, "86": 0.0, "87": 0.0, "88": 0.3710691823899371, "89": 0.011494252873563218}