{"20": 0.27860696517412936, "21": 0.004975124378109453, "22": 0.27, "23": 0.06467661691542288, "24": 0.029850746268656716, "25": 0.08955223880597014, "26": 0.009950248756218905, "27": 0.03980099502487562, "28": 0.03482587064676617, "29": 0.009950248756218905}