{
    "threshold": 7.020321361058601,
    "wp_dict": {
        "age": 0.24276350438594818,
        "education": 0.0016832257388159633,
        "balance": 0.24598146975040436,
        "day": 0.06202894449234009,
        "month": 0.04470239579677582,
        "duration": -0.26215097308158875,
        "campaign": 0.0759069100022316,
        "pdays": -0.20565254986286163,
        "previous": -0.07733793556690216,
        "poutcome": 0.1924068182706833,
        "job_blue": -0.20360136032104492,
        "job_entrepreneur": -0.24640275537967682,
        "job_housemaid": -0.33315783739089966,
        "job_management": -0.21001985669136047,
        "job_retired": -0.17751488089561462,
        "job_self": 0.03928685188293457,
        "job_services": -0.15186068415641785,
        "job_student": -0.3681086301803589,
        "job_technician": -0.3408227264881134,
        "job_unemployed": -0.09308687597513199,
        "job_unknown": 0.00018689880380406976,
        "marital_married": -0.4224149286746979,
        "marital_single": 0.05942630022764206,
        "default_yes": 0.27524468302726746,
        "housing_yes": -0.042611170560121536,
        "loan_yes": -0.2291441261768341,
        "contact_telephone": 0.17397648096084595,
        "contact_unknown": 0.1407129019498825
    }
}