{"00": 0.8524590163934426, "01": 0.1111111111111111}