{"00": 0.8524904214559387, "01": 0.974025974025974}