{
    "threshold": 3.4829867674858224,
    "wp_dict": {
        "age": -0.20371226966381073,
        "education": -0.0633796751499176,
        "balance": 0.22009141743183136,
        "day": 0.028294013813138008,
        "month": 0.12396454811096191,
        "duration": -0.15982727706432343,
        "campaign": -0.06010948121547699,
        "pdays": -0.14253923296928406,
        "previous": 0.03677503392100334,
        "poutcome": -0.03908676654100418,
        "job_blue": -0.05309402197599411,
        "job_entrepreneur": -0.040995337069034576,
        "job_housemaid": -0.08330358564853668,
        "job_management": -0.045653603971004486,
        "job_retired": -0.08969129621982574,
        "job_self": -0.1310271918773651,
        "job_services": -0.14745831489562988,
        "job_student": 0.05735921487212181,
        "job_technician": -0.16682760417461395,
        "job_unemployed": -0.008256431668996811,
        "job_unknown": -0.0015811193734407425,
        "marital_married": -0.18219393491744995,
        "marital_single": -0.11226796358823776,
        "default_yes": -0.030839908868074417,
        "housing_yes": -0.06484315544366837,
        "loan_yes": 0.015906156972050667,
        "contact_telephone": -0.06485330313444138,
        "contact_unknown": -0.03381712734699249
    }
}