{"00": 0.8770161290322581, "01": 0.9836065573770492}