{
    "threshold": 8.06805293005671,
    "wp_dict": {
        "age": -29.09228515625,
        "education": -49.48060607910156,
        "balance": -85.34965515136719,
        "day": -19.441055297851562,
        "month": 1.2426249980926514,
        "duration": -19.49584197998047,
        "campaign": -4.091915130615234,
        "pdays": -25.219738006591797,
        "previous": -6.988407611846924,
        "poutcome": 7.448575496673584,
        "job_blue": 4.6622796058654785,
        "job_entrepreneur": -2.053300380706787,
        "job_housemaid": 6.331669330596924,
        "job_management": 5.4744696617126465,
        "job_retired": -13.480266571044922,
        "job_self": -0.08678890764713287,
        "job_services": 5.438880920410156,
        "job_student": 4.763803958892822,
        "job_technician": 60.3576774597168,
        "job_unemployed": -9.788847923278809,
        "job_unknown": -13.36530876159668,
        "marital_married": -27.604917526245117,
        "marital_single": -0.5854097604751587,
        "default_yes": -1.6673508882522583,
        "housing_yes": 3.5410141944885254,
        "loan_yes": -9.651336669921875,
        "contact_telephone": -6.398375988006592,
        "contact_unknown": -0.4010990262031555
    }
}