{"00": 0.7878787878787878, "01": 0.21428571428571427}