{"00": 0.8644400785854617, "01": 0.927536231884058}