{
    "threshold": 8.689035916824196,
    "wp_dict": {
        "age": -0.10351701825857162,
        "education": 0.13941499590873718,
        "balance": 0.0048510050401091576,
        "day": 0.3021785020828247,
        "month": 0.29075366258621216,
        "duration": -0.13687214255332947,
        "campaign": 0.008305001072585583,
        "pdays": -0.18467137217521667,
        "previous": 0.3447243571281433,
        "poutcome": -1.6144119501113892,
        "job_blue": -0.039498522877693176,
        "job_entrepreneur": -0.2685704231262207,
        "job_housemaid": -0.10474991798400879,
        "job_management": 0.1992489993572235,
        "job_retired": 0.5837269425392151,
        "job_self": 0.47061577439308167,
        "job_services": -0.3049751818180084,
        "job_student": 0.11888803541660309,
        "job_technician": -0.06691692024469376,
        "job_unemployed": 0.23193205893039703,
        "job_unknown": -0.27235743403434753,
        "marital_married": -0.23628589510917664,
        "marital_single": -0.21785695850849152,
        "default_yes": 0.027756471186876297,
        "housing_yes": 0.030578086152672768,
        "loan_yes": 0.46143484115600586,
        "contact_telephone": -0.015729721635580063,
        "contact_unknown": -0.7420701384544373
    }
}