{
    "threshold": 6.031190926275992,
    "wp_dict": {
        "age": -0.2833508551120758,
        "education": -0.1707809865474701,
        "balance": -0.07845434546470642,
        "day": -0.1603723168373108,
        "month": -0.022524826228618622,
        "duration": -0.027020901441574097,
        "campaign": 0.03741995617747307,
        "pdays": 0.003858402371406555,
        "previous": 0.05456114560365677,
        "poutcome": -0.019662626087665558,
        "job_blue": -0.074922576546669,
        "job_entrepreneur": -0.051420293748378754,
        "job_housemaid": -0.02164946123957634,
        "job_management": 0.018127767369151115,
        "job_retired": 0.016145877540111542,
        "job_self": -0.03426554426550865,
        "job_services": -0.03260333836078644,
        "job_student": -0.014519823715090752,
        "job_technician": -0.05530673265457153,
        "job_unemployed": 0.016934024170041084,
        "job_unknown": 0.07570870220661163,
        "marital_married": -0.21434976160526276,
        "marital_single": -0.12146887928247452,
        "default_yes": -0.028424255549907684,
        "housing_yes": -0.026936521753668785,
        "loan_yes": -0.06653465330600739,
        "contact_telephone": -0.08442568778991699,
        "contact_unknown": 0.012703297659754753
    }
}