{
    "threshold": 1.167808219178082,
    "wp_dict": {
        "LotArea": -0.28873637318611145,
        "OverallQual": 0.1121717244386673,
        "OverallCond": -0.14064204692840576,
        "TotalBsmtSF": -0.25087445974349976,
        "FullBath": 0.2623596787452698,
        "HalfBath": 0.6727825999259949,
        "BedroomAbvGr": -0.1716439425945282,
        "TotRmsAbvGrd": 0.09034846723079681,
        "Fireplaces": 0.16510137915611267,
        "GarageArea": 0.09655726701021194
    }
}