{
    "threshold": 8.891304347826088,
    "wp_dict": {
        "age": -0.2411203384399414,
        "education": -0.06521636247634888,
        "balance": -0.07855099439620972,
        "day": -0.006900295615196228,
        "month": -0.0402536615729332,
        "duration": -0.10045212507247925,
        "campaign": -0.08443977683782578,
        "pdays": -0.13217458128929138,
        "previous": -0.1719074845314026,
        "poutcome": 0.007662342861294746,
        "job_blue": -0.05266992747783661,
        "job_entrepreneur": 0.02088707685470581,
        "job_housemaid": -0.046815626323223114,
        "job_management": 0.024580471217632294,
        "job_retired": 0.05604007840156555,
        "job_self": -0.008573949337005615,
        "job_services": -0.06476316601037979,
        "job_student": 0.06295620650053024,
        "job_technician": 0.05668108910322189,
        "job_unemployed": 0.02236144244670868,
        "job_unknown": 0.12730245292186737,
        "marital_married": -0.13764429092407227,
        "marital_single": -0.24846729636192322,
        "default_yes": -0.040207136422395706,
        "housing_yes": -0.043509528040885925,
        "loan_yes": 0.012454144656658173,
        "contact_telephone": -0.03337569534778595,
        "contact_unknown": -0.01988726668059826
    }
}