{"00": 0.918918918918919, "01": 0.6666666666666666}