{
    "threshold": 2.2260273972602738,
    "wp_dict": {
        "LotArea": -0.3711126446723938,
        "OverallQual": 0.8709650635719299,
        "OverallCond": -0.31647488474845886,
        "TotalBsmtSF": -0.5025248527526855,
        "FullBath": 0.5562095642089844,
        "HalfBath": 0.11392951011657715,
        "BedroomAbvGr": -0.304726779460907,
        "TotRmsAbvGrd": 0.29822924733161926,
        "Fireplaces": -0.08615647256374359,
        "GarageArea": -0.059629008173942566
    }
}