{
    "threshold": 8.479206049149338,
    "wp_dict": {
        "age": 3.7756130695343018,
        "education": -0.22187469899654388,
        "balance": 0.5272354483604431,
        "day": -1.4762415885925293,
        "month": -0.10553481429815292,
        "duration": 2.2845394611358643,
        "campaign": 0.996443510055542,
        "pdays": 1.6507350206375122,
        "previous": -0.2819231152534485,
        "poutcome": 0.057842984795570374,
        "job_blue": -0.1777956783771515,
        "job_entrepreneur": -0.46097812056541443,
        "job_housemaid": -0.10590383410453796,
        "job_management": 0.13209784030914307,
        "job_retired": 0.48832380771636963,
        "job_self": -0.317795068025589,
        "job_services": 0.048118725419044495,
        "job_student": -0.1275249719619751,
        "job_technician": 0.09627265483140945,
        "job_unemployed": -0.3459683358669281,
        "job_unknown": -0.6395086050033569,
        "marital_married": -0.3910938799381256,
        "marital_single": 0.1269097924232483,
        "default_yes": 0.20588690042495728,
        "housing_yes": -0.02322356402873993,
        "loan_yes": -0.3185712695121765,
        "contact_telephone": 0.027805540710687637,
        "contact_unknown": 0.1294170469045639
    }
}