{
    "threshold": 8.910207939508506,
    "wp_dict": {
        "age": 3.3111965656280518,
        "education": -5.89750862121582,
        "balance": 79.33097839355469,
        "day": -68.06055450439453,
        "month": -0.4969511330127716,
        "duration": -25.6181640625,
        "campaign": 6.732992172241211,
        "pdays": 52.28156280517578,
        "previous": 11.170022964477539,
        "poutcome": -17.342639923095703,
        "job_blue": 12.318901062011719,
        "job_entrepreneur": -5.880560398101807,
        "job_housemaid": -95.55982971191406,
        "job_management": -35.05751037597656,
        "job_retired": -1.3440359830856323,
        "job_self": -14.259973526000977,
        "job_services": 5.967270851135254,
        "job_student": -1.4807195663452148,
        "job_technician": -19.115468978881836,
        "job_unemployed": -15.330525398254395,
        "job_unknown": 33.268348693847656,
        "marital_married": 10.657130241394043,
        "marital_single": -71.9284439086914,
        "default_yes": 3.106868028640747,
        "housing_yes": -0.19193720817565918,
        "loan_yes": 10.407537460327148,
        "contact_telephone": -2.408816337585449,
        "contact_unknown": -1.7022087574005127
    }
}